Category 1,Category 2,Average Similarity,Pair Count
JK,JK,0.8162980993948257,6786
BS,JK,0.7456113558777994,73359
JK,PR,0.7497028589946717,1158534
JK,PS,0.7296382058152668,1363986
BX,JK,0.8232218378159069,83655
JK,PA,0.7700482448297716,40716
JK,PE,0.737704022317272,28898
JK,TK,0.69998193323225,11934
JK,PZ,0.7352444133206117,853749
JK,QA,0.31834576301674294,16497
HX,JK,0.8475878326562626,13923
JK,PQ,0.7856878583981147,166257
HV,JK,0.8417720293279263,44343
JK,NC,0.6452809082341443,21996
JK,TL,0.7878323336108612,12402
JK,PJ,0.8067356521331258,13806
BR,JK,0.8337082869084248,26442
BL,JK,0.8283225520469903,46098
AE,JK,0.8649332396148878,16380
JK,PG,0.7524403740282437,31824
AG,JK,0.8333070077309392,29718
JK,PT,0.7878479823682693,91611
JK,QC,0.6632742889925318,22113
DS,JK,0.8486910278546491,92664
DA,JK,0.8191522362469655,199485
BJ,JK,0.8106421220042475,29835
JK,PN,0.8017478966778053,107172
CT,JK,0.8329286249576902,28197
JK,QH,0.7208683053103047,76284
DP,JK,0.854557744693377,12402
GV,JK,0.8021872658089358,32877
BF,JK,0.830930333705553,47853
JK,LB,0.842763828256798,19071
JK,ND,0.8239345758481215,29133
JK,QL,0.793496034248137,75582
DU,JK,0.8469301513012399,24336
BV,JK,0.7619954098702922,76986
DG,JK,0.8446266235522192,29133
HQ,JK,0.8330597978872013,42819
JK,ML,0.8134355845519664,36153
DT,JK,0.860527043571899,43875
JK,TX,0.6609446634778843,47853
AP,JK,0.850882976627359,284076
BT,JK,0.8272144870206167,22347
JK,QK,0.7608469005009242,21996
HD,JK,0.7954220595104682,21410
DC,JK,0.8417656533928173,64115
DK,JK,0.8283837541824481,13221
JK,SK,0.8393676124217344,13572
JK,QE,0.819755867271756,19071
JK,RC,0.8162604561435611,22698
DD,JK,0.8477453040951262,11934
JK,QB,0.7870432320898156,18018
GR,JK,0.7990350568520511,29601
JK,SB,0.8117037076381393,27495
BP,JK,0.8367607088084982,16146
GN,JK,0.8391840729071985,14859
JK,QP,0.4174866653470985,16965
HE,JK,0.7818700576059402,18369
JK,SF,0.8130956714038953,26676
DH,JK,0.8493902609214112,15561
JK,RA,0.847046265433759,13572
JK,TS,0.7890668419231105,14976
JK,TT,0.6234518256858826,20592
JK,NK,0.8117597366252373,18486
BS,BS,0.733182022224211,196251
BS,PR,0.7300017450590557,6208553
BS,PS,0.7089019723640089,7309566
BS,BX,0.7874829813764881,448302
BS,PA,0.7400859813561679,218196
BS,PE,0.6953892668459392,154869
BS,TK,0.6463116712418621,63954
BS,PZ,0.7185681909210238,4575214
BS,QA,0.29471592677689634,88407
BS,HX,0.7912673715619496,74613
BS,PQ,0.7579638291168351,890967
BS,HV,0.7913050894643,237633
BS,NC,0.6068584992113084,117876
BS,TL,0.7284930830585797,66462
BS,PJ,0.7884906599899656,73986
BR,BS,0.7926069988335427,141702
BL,BS,0.7807128834034598,247037
AE,BS,0.7963931052448089,87780
BS,PG,0.7388142793855355,170544
AG,BS,0.7704545092914445,159258
BS,PT,0.7693081740408835,490941
BS,QC,0.6108403276191879,118503
BS,DS,0.7944992962529028,496584
BS,DA,0.7712482579957262,1069035
BJ,BS,0.7708061253154062,159885
BS,PN,0.7669998333763788,574332
BS,CT,0.7932873995733414,151107
BS,QH,0.668983156915022,408803
BS,DP,0.7983535696897469,66462
BS,GV,0.7538964873870198,176187
BF,BS,0.7817318507392542,256442
BS,LB,0.7915470841976344,102201
BS,ND,0.7737474884371538,156123
BS,QL,0.7429108295165601,405042
BS,DU,0.7959600963731343,130416
BS,BV,0.7322383032140132,412564
BS,DG,0.790934557919506,156123
BS,HQ,0.7810210076043671,229479
BS,ML,0.7702258786216231,193743
BS,DT,0.8073769277019058,235125
BS,TX,0.6255439091521078,256443
AP,BS,0.8082169621567887,1522356
BS,BT,0.7971181397823532,119757
BS,QK,0.7072924297597382,117876
BS,HD,0.7384528475487653,114741
BS,DC,0.7891023967514796,343596
BS,DK,0.7779775330188404,70851
BS,SK,0.7934280840711172,72732
BS,QE,0.7528350199480175,102201
BS,RC,0.7586129433593379,121638
BS,DD,0.7982927175553418,63954
BS,QB,0.7268070049325287,96558
BS,GR,0.7707876569246979,158631
BS,SB,0.7566210549177181,147345
BP,BS,0.7929469236949177,86526
BS,GN,0.7785680439115189,79629
BS,QP,0.38608719571554795,90915
BS,HE,0.7195056840069671,98439
BS,SF,0.7603849023663394,142956
BS,DH,0.7939626722393612,83391
BS,RA,0.7858697353229668,72732
BS,TS,0.7295931356813191,80256
BS,TT,0.5800206529614724,110352
BS,NK,0.7518835072536943,99066
PR,PR,0.7810512620970708,49019851
PR,PS,0.759875344149382,115437480
BX,PR,0.7974905544518065,7079927
PA,PR,0.7586569921108242,3445896
PE,PR,0.7109779810203608,2445793
PR,TK,0.6497545769309545,1010004
PR,PZ,0.7734139908085806,72254629
PR,QA,0.2960617411633783,1396181
HX,PR,0.7996876534265026,1178337
PQ,PR,0.8019182941990856,14070741
HV,PR,0.8129119803973476,3752856
NC,PR,0.6187873739363695,1861571
PR,TL,0.7366252850060978,1049612
PJ,PR,0.8118247268110126,1168436
BR,PR,0.7974014810520597,2237850
BL,PR,0.7826637598774591,3901387
AE,PR,0.7923612621800707,1386280
PG,PR,0.7877028556855389,2693344
AG,PR,0.7747263525472253,2515108
PR,PT,0.8217187008968351,7753265
PR,QC,0.6099504503233817,1871478
DS,PR,0.8038507590594713,7842383
DA,PR,0.7889164418608952,16882882
BJ,PR,0.7898097203884826,2525010
PN,PR,0.7940564446507842,9070212
CT,PR,0.8289603438861687,2386365
PR,QH,0.668601138354633,6456102
DP,PR,0.8065055876225394,1049609
GV,PR,0.7674097627972337,2782462
BF,PR,0.7947156212057969,4049916
LB,PR,0.8023608134193948,1614025
ND,PR,0.78597594327569,2465595
PR,QL,0.7506682302160769,6396686
DU,PR,0.8146055585440861,2059613
BV,PR,0.7402965832330158,6515512
DG,PR,0.802691791916554,2465598
HQ,PR,0.7971355842466696,3624129
ML,PR,0.793302023445926,3059717
DT,PR,0.8219465542902168,3713249
PR,TX,0.6326869325792196,4049917
AP,PR,0.8387472485045921,24042056
BT,PR,0.7960862563636553,1891281
PR,QK,0.7064146402360089,1861576
HD,PR,0.7490002483112908,1812066
DC,PR,0.8109612102668303,5426294
DK,PR,0.7967874013009953,1118926
PR,SK,0.8115498792238516,1148629
PR,QE,0.7436991796649263,1614026
PR,RC,0.7663896513817781,1920988
DD,PR,0.8210002032818543,1010004
PR,QB,0.7285664243908722,1524908
GR,PR,0.8021232884490813,2505206
PR,SB,0.7606091611863932,2326968
BP,PR,0.7884913477555366,1366476
GN,PR,0.778019454532999,1257554
PR,QP,0.3851006145496528,1435790
HE,PR,0.7254382801888594,1554614
PR,SF,0.769264843938842,2257656
DH,PR,0.8152978577324812,1316966
PR,RA,0.7885001240215395,1148632
PR,TS,0.7284952306058949,1267456
PR,TT,0.584255008658214,1742752
NK,PR,0.7506651832430964,1564516
PS,PS,0.7453858334872793,67948653
BX,PS,0.7742148422646487,8335466
PA,PS,0.7357812218817457,4056983
PE,PS,0.6921146744910714,2879526
PS,TK,0.6353508329762887,1189116
PS,PZ,0.7589997640365657,85068098
PS,QA,0.28840400705885333,1643778
HX,PS,0.777327736654547,1387297
PQ,PS,0.7804368970050858,16566018
HV,PS,0.7922117109152891,4418379
NC,PS,0.6053840714671681,2191702
PS,TL,0.7234047713399383,1235748
PJ,PS,0.7890032572266292,1375644
BR,PS,0.7752679173260499,2634708
BL,PS,0.7623614518185255,4593251
AE,PS,0.7743466314546135,1632120
PG,PS,0.768210847553742,3170976
AG,PS,0.7510236663795758,2961132
PS,PT,0.8018171321205765,9128214
PS,QC,0.5960159361892008,2203362
DS,PS,0.7857332433871486,9233136
DA,PS,0.7686793482325558,19876886
BJ,PS,0.7622433467420021,2972790
PN,PS,0.7734258894894233,10678719
CT,PS,0.8070012722468205,2809575
PS,QH,0.6511688276392376,7601014
DP,PS,0.7893230031677866,1235745
GV,PS,0.7506088059985329,3275898
BF,PS,0.7721709184312354,4768121
LB,PS,0.7805672886803,1900253
ND,PS,0.7658719998953833,2902842
PS,QL,0.7337054058638479,7531065
DU,PS,0.7971142940883702,2424864
BV,PS,0.7177133576721428,7670962
DG,PS,0.7858556223251199,2902842
HQ,PS,0.7717278738560164,4266825
ML,PS,0.7730364055920032,3602318
DT,PS,0.8040993009188511,4371749
PS,TX,0.6118863357301102,4768122
AP,PS,0.8171433674464165,28305619
BT,PS,0.7733826206035255,2226678
PS,QK,0.688275097950542,2191704
HD,PS,0.7298907456601462,2133413
DC,PS,0.7926764215782869,6388584
DK,PS,0.7790865173886626,1317354
PS,SK,0.7934636119290455,1352328
PS,QE,0.7259180579039934,1900254
PS,RC,0.744407288871034,2261651
DD,PS,0.8009589654250927,1189116
PS,QB,0.7126642109027178,1795332
GR,PS,0.7873595003869279,2949473
PS,SB,0.7394632688504051,2739628
BP,PS,0.7666085481782234,1608804
GN,PS,0.7603595544459141,1480566
PS,QP,0.37610315361826135,1690410
HE,PS,0.7089561777466518,1830306
PS,SF,0.7496285206041732,2658024
DH,PS,0.7984920942070662,1550514
PS,RA,0.7660127229083475,1352328
PS,TS,0.710948976128845,1492224
PS,TT,0.5701013326791585,2051808
NK,PS,0.7308740384982545,1841964
BX,BX,0.8631751951086264,255255
BX,PA,0.8070859877976763,248820
BX,PE,0.7632872468486851,176605
BX,TK,0.7117964185226222,72930
BX,PZ,0.7832661088797147,5217354
BX,QA,0.3247454726074411,100815
BX,HX,0.8705177321701811,85085
BX,PQ,0.8298192851645658,1016015
BX,HV,0.8716877898844083,270985
BX,NC,0.6653256344796605,134419
BX,TL,0.8028617768798679,75790
BX,PJ,0.8530781487053154,84370
BR,BX,0.869679890889918,161588
BL,BX,0.8559981081740511,281710
AE,BX,0.87875331208525,100100
BX,PG,0.8036678438972745,194480
AG,BX,0.853241552703857,181610
BX,PT,0.8382436751239736,559845
BX,QC,0.6735086636785635,135135
BX,DS,0.8733023517832692,566280
BX,DA,0.8492637019359671,1219070
BJ,BX,0.8458385677595546,182324
BX,PN,0.8390022531189,654940
BX,CT,0.8745326403981339,172310
BX,QH,0.7360804379865273,466180
BX,DP,0.8776606550284894,75790
BX,GV,0.8258329656983789,200915
BF,BX,0.859321739526452,292435
BX,LB,0.8694029881087666,116545
BX,ND,0.8526447129606894,178035
BX,QL,0.8150639660888052,461890
BX,DU,0.8756962408615356,148720
BV,BX,0.7995116956676277,470465
BX,DG,0.8705935277999428,178035
BX,HQ,0.8596063257625797,261689
BX,ML,0.8475340179669659,220934
BX,DT,0.8876882310332633,268125
BX,TX,0.6838370015688795,292435
AP,BX,0.8869708354462814,1736020
BT,BX,0.8675674669173723,136560
BX,QK,0.776718870593554,134420
BX,HD,0.8143164948819359,130845
BX,DC,0.870181723323239,391819
BX,DK,0.8562578553474289,80795
BX,SK,0.8694281692482912,82940
BX,QE,0.8289981177798207,116545
BX,RC,0.8371416650580523,138710
BX,DD,0.8791173835597804,72930
BX,QB,0.8013663989643834,110110
BX,GR,0.8394188614998267,180895
BX,SB,0.8312876651076866,168025
BP,BX,0.8652147256430126,98669
BX,GN,0.8561928917391983,90805
BX,QP,0.4245633788752824,103675
BX,HE,0.7949755751785599,112255
BX,SF,0.8346690381307297,163020
BX,DH,0.8773308486693714,95095
BX,RA,0.8660723255533462,82940
BX,TS,0.802529818087462,91520
BX,TT,0.6367010707911694,125840
BX,NK,0.8280123275844372,112970
PA,PA,0.7681081794069298,60378
PA,PE,0.7220360775937177,85956
PA,TK,0.6696683234399403,35496
PA,PZ,0.7453674523806086,2539350
PA,QA,0.3057810104654291,49068
HX,PA,0.816944237580044,41412
PA,PQ,0.7882776229827405,494507
HV,PA,0.8190137345547818,131892
NC,PA,0.6281959154648281,65423
PA,TL,0.7541804782746205,36888
PA,PJ,0.8109500318201619,41064
BR,PA,0.8128797897096288,78648
BL,PA,0.802625752450632,137112
AE,PA,0.8214370051065162,48720
PA,PG,0.7667703693781573,94656
AG,PA,0.7981810279596193,88392
PA,PT,0.7992456296918287,272484
PA,QC,0.6317246781801067,65772
DS,PA,0.8197873474107144,275616
DA,PA,0.796865683549618,593340
BJ,PA,0.7992953142803321,88740
PA,PN,0.7943162733812925,318767
CT,PA,0.8223134174239405,83868
PA,QH,0.6910394264188983,226896
DP,PA,0.8237129077328146,36888
GV,PA,0.7807505591220352,97788
BF,PA,0.8082004403235444,142332
LB,PA,0.8185852887995477,56723
ND,PA,0.8002213155196148,86652
PA,QL,0.7682355656413007,224808
DU,PA,0.8229049521446199,72384
BV,PA,0.7492232246185028,228984
DG,PA,0.8172202670594424,86647
HQ,PA,0.8092048507314147,127368
ML,PA,0.7985292854568157,107532
DT,PA,0.834254280307641,130500
PA,TX,0.6464381787249924,142332
AP,PA,0.8377988948118213,844944
BT,PA,0.8110379282532632,66468
PA,QK,0.7319575796678185,65424
HD,PA,0.7639702338945975,63684
DC,PA,0.8171053136860261,190704
DK,PA,0.8042013972639502,39324
PA,SK,0.8212516920627211,40368
PA,QE,0.776272513268084,56724
PA,RC,0.7859468430909343,67512
DD,PA,0.8269763857546814,35496
PA,QB,0.7514001304649612,53592
GR,PA,0.7954219652591246,88044
PA,SB,0.7829160788718503,81780
BP,PA,0.8113096964765653,48024
GN,PA,0.8037743408641991,44196
PA,QP,0.39882725415665404,50460
HE,PA,0.743601451490661,54636
PA,SF,0.7879110202928741,79343
DH,PA,0.8216017058363393,46284
PA,RA,0.8127317395409526,40368
PA,TS,0.7545668095832582,44544
PA,TT,0.6014674832184869,61248
NK,PA,0.7769800461052853,54984
PE,PE,0.6987327222663559,30381
PE,TK,0.6501881014982615,25194
PE,PZ,0.7021759402640374,1802354
PE,QA,0.2955339055206305,34827
HX,PE,0.7794370194510007,29393
PE,PQ,0.7406970408734094,350987
HV,PE,0.7792661967117404,93613
NC,PE,0.6068431866531939,46436
PE,TL,0.7301799139399053,26182
PE,PJ,0.7574576701360718,29146
BR,PE,0.7712007381849827,55822
BL,PE,0.7651558077752214,97318
AE,PE,0.7899877026701074,34580
PE,PG,0.7178254534756066,67184
AG,PE,0.766346300210028,62735
PE,PT,0.7484326496667001,193401
PE,QC,0.6116823555276026,46683
DS,PE,0.7823645304058795,195624
DA,PE,0.7570583027804659,421135
BJ,PE,0.7609494882614461,62985
PE,PN,0.7533028700467702,226250
CT,PE,0.7739915578267154,59527
PE,QH,0.664624888357431,161043
DP,PE,0.7861151555306194,26182
GV,PE,0.7519754813986759,69407
BF,PE,0.7715946301632293,101023
LB,PE,0.7851640088444628,40259
ND,PE,0.7621540572480026,61503
PE,QL,0.7389065405514879,159562
DU,PE,0.7847169983896861,51376
BV,PE,0.709651705357981,162526
DG,PE,0.7760954571591273,61503
HQ,PE,0.7719157373369021,90402
ML,PE,0.7587633092749009,76323
DT,PE,0.7957952196127562,92625
PE,TX,0.6214901405386255,101023
AP,PE,0.7959014763148768,599716
BT,PE,0.7699417211472281,47177
PE,QK,0.7103508438018384,46436
HD,PE,0.7324786483846358,45201
DC,PE,0.7757751964825457,135356
DK,PE,0.7652439406070931,27911
PE,SK,0.7872037047563849,28652
PE,QE,0.7500916535479709,40261
PE,RC,0.7548438210187738,47918
DD,PE,0.7852507315815667,25194
PE,QB,0.7250294693411254,38038
GR,PE,0.7521520834607699,62491
PE,SB,0.7574796741296986,58045
BP,PE,0.770696330552512,34086
GN,PE,0.7733456153535974,31369
PE,QP,0.3857399670759921,35815
HE,PE,0.715747659922887,38779
PE,SF,0.7601197983518564,56316
DH,PE,0.7783986338811346,32851
PE,RA,0.7818307029653637,28652
PE,TS,0.7329026121643644,31616
PE,TT,0.5858226981071681,43472
NK,PE,0.7500180551370398,39026
TK,TK,0.6346233748570361,5151
PZ,TK,0.6418080292904242,744294
QA,TK,0.2829518743356148,14382
HX,TK,0.7346462050057571,12138
PQ,TK,0.681999489746186,144942
HV,TK,0.7314005747002007,38658
NC,TK,0.5738127068253391,19176
TK,TL,0.7053462524363046,10812
PJ,TK,0.7002219625494931,12036
BR,TK,0.7223361608052958,23052
BL,TK,0.7212730660771441,40188
AE,TK,0.7571939808737308,14280
PG,TK,0.6555029260939148,27744
AG,TK,0.7262026433645892,25908
PT,TK,0.6858743832689705,79866
QC,TK,0.5906067115518566,19278
DS,TK,0.7404748211819601,80784
DA,TK,0.7114344896987855,173910
BJ,TK,0.7050585517879956,26010
PN,TK,0.7001085085797735,93432
CT,TK,0.718047489642609,24582
QH,TK,0.6331538869415684,66504
DP,TK,0.7457977906483509,10812
GV,TK,0.7133663204308726,28662
BF,TK,0.7254284343341928,41718
LB,TK,0.7379625102482783,16626
ND,TK,0.7180088836548658,25398
QL,TK,0.7012073585917495,65892
DU,TK,0.7401870025997106,21216
BV,TK,0.6606840928023011,67116
DG,TK,0.7338724226908709,25398
HQ,TK,0.7226252964853405,37332
ML,TK,0.7104657743465651,31518
DT,TK,0.7519925432789757,38250
TK,TX,0.5832806147661442,41718
AP,TK,0.7419489018168375,247656
BT,TK,0.7189861519249459,19482
QK,TK,0.6778671681819617,19176
HD,TK,0.6941400301272932,18666
DC,TK,0.7305965791873343,55896
DK,TK,0.7211256871991811,11526
SK,TK,0.7409146909271727,11832
QE,TK,0.7227440943715328,16626
RC,TK,0.7149078997290095,19788
DD,TK,0.7372319941483846,10404
QB,TK,0.6949595214598102,15708
GR,TK,0.6989575621917707,25806
SB,TK,0.7188494910892882,23970
BP,TK,0.7275327700277592,14076
GN,TK,0.7374465967036155,12954
QP,TK,0.36944471211521346,14790
HE,TK,0.6848531204299636,16014
SF,TK,0.7205426392709833,23256
DH,TK,0.7346787662268889,13566
RA,TK,0.7421415016240388,11832
TK,TS,0.7061296395451012,13056
TK,TT,0.5633127164443784,17952
NK,TK,0.717460877563221,16116
PZ,PZ,0.7799687858962013,26619456
PZ,QA,0.29063336736567424,1028876
HX,PZ,0.7849668954980559,868343
PQ,PZ,0.7917398223945732,10369021
HV,PZ,0.8023207093119225,2765563
NC,PZ,0.6156675011719782,1371831
PZ,TL,0.7318487872707236,773481
PJ,PZ,0.8012265496437595,861043
BR,PZ,0.7821260856891008,1649122
BL,PZ,0.768080709109017,2875009
AE,PZ,0.7755742438740074,1021580
PG,PZ,0.7822650503646468,1984782
AG,PZ,0.7528985401616806,1853438
PT,PZ,0.8166885698853272,5713533
PZ,QC,0.5992772869730341,1379132
DS,PZ,0.7946472357030405,5779214
DA,PZ,0.7776990080237136,12441380
BJ,PZ,0.7723011405574184,1860732
PN,PZ,0.7838822930539955,6684027
CT,PZ,0.8170135464134337,1758574
PZ,QH,0.6549629366753308,4757639
DP,PZ,0.7956848011300272,773479
GV,PZ,0.7619271155292728,2050456
BF,PZ,0.7794191762080743,2984473
LB,PZ,0.7902385401534457,1189408
ND,PZ,0.7697344739850197,1816953
PZ,QL,0.742123443519821,4713848
DU,PZ,0.8093147526458356,1517773
BV,PZ,0.7275711750582783,4801418
DG,PZ,0.7923806127170808,1816952
HQ,PZ,0.780112283284722,2670701
ML,PZ,0.7802975298121888,2254771
DT,PZ,0.8149264466067668,2736371
PZ,TX,0.6225501653497881,2984472
AP,PZ,0.8290890016756334,17716977
BT,PZ,0.7809932370595452,1393727
PZ,QK,0.6954107870600029,1371835
HD,PZ,0.7378149997578544,1335351
DC,PZ,0.8007725819042821,3998755
DK,PZ,0.7890409150640729,824557
PZ,SK,0.8069634919093794,846452
PZ,QE,0.7280636147113555,1189411
PZ,RC,0.7504595693048038,1415618
DD,PZ,0.8098428683396051,744292
PZ,QB,0.7165925897627201,1123738
GR,PZ,0.8021371231743908,1846124
PZ,SB,0.7492303995836476,1714795
BP,PZ,0.7712635815748734,1006986
GN,PZ,0.766217702124991,926718
PZ,QP,0.3784504069014195,1058065
HE,PZ,0.7159424060306404,1145629
PZ,SF,0.7605709876858904,1663715
DH,PZ,0.8072325018919566,970501
PZ,RA,0.7724579152881894,846452
PZ,TS,0.718028903047217,934015
PZ,TT,0.5783926630812803,1284271
NK,PZ,0.7356908867575819,1152926
QA,QA,0.12835348038852457,9870
HX,QA,0.33483337775969046,16779
PQ,QA,0.31106774495325895,200361
HV,QA,0.33212516860132557,53438
NC,QA,0.2587780320734032,26508
QA,TL,0.3165052507720728,14946
PJ,QA,0.3185854441287656,16638
BR,QA,0.3299411777154673,31866
BL,QA,0.3289807487484716,55554
AE,QA,0.34327971992611883,19740
PG,QA,0.2980458948401233,38352
AG,QA,0.33200282434135453,35814
PT,QA,0.3115283338316505,110403
QA,QC,0.26710961488340446,26648
DS,QA,0.33583534303403384,111672
DA,QA,0.3233749665018743,240405
BJ,QA,0.3226527786834187,35955
PN,QA,0.318471875379243,129156
CT,QA,0.32680219249957104,33981
QA,QH,0.2880036415316263,91932
DP,QA,0.3382193058303033,14946
GV,QA,0.32240801901661476,39619
BF,QA,0.3307851392785872,57669
LB,QA,0.335805597402802,22983
ND,QA,0.32691673431968554,35109
QA,QL,0.3171592792173766,91086
DU,QA,0.33508146779946796,29328
BV,QA,0.30123595537075404,92778
DG,QA,0.33334113153093975,35109
HQ,QA,0.3297274793540593,51606
ML,QA,0.32301513528238335,43569
DT,QA,0.34073316928710945,52875
QA,TX,0.26341596817365565,57669
AP,QA,0.33719164864178486,342348
BT,QA,0.32872243198870366,26931
QA,QK,0.3055579178741889,26508
HD,QA,0.31491601874377967,25803
DC,QA,0.3319173514192226,77268
DK,QA,0.3267599787560429,15933
QA,SK,0.3348895426565578,16356
QA,QE,0.3277136011314789,22983
QA,RC,0.32500872774136236,27354
DD,QA,0.3347364847894467,14382
QA,QB,0.3160286335996367,21714
GR,QA,0.31617487110871345,35673
QA,SB,0.3249000147257172,33135
BP,QA,0.33184659372574854,19458
GN,QA,0.3345697802456978,17907
QA,QP,0.16761275845817808,20445
HE,QA,0.3098604829867309,22137
QA,SF,0.32547325508124014,32148
DH,QA,0.3331782596810864,18753
QA,RA,0.33752736580350706,16356
QA,TS,0.3180087174895984,18048
QA,TT,0.2523649619977286,24816
NK,QA,0.3244623643885866,22278
HX,HX,0.8955247078531987,7021
HX,PQ,0.8353855130385545,169099
HV,HX,0.8872297598384327,45101
HX,NC,0.6793745498267377,22372
HX,TL,0.8263046886784695,12614
HX,PJ,0.8562272538681203,14042
BR,HX,0.8805763347239134,26894
BL,HX,0.8737998725458969,46886
AE,HX,0.9032113888301172,16660
HX,PG,0.804787952107924,32368
AG,HX,0.8734916678500173,30226
HX,PT,0.8396276875444955,93177
HX,QC,0.6960572121159674,22491
DS,HX,0.8922632126584973,94248
DA,HX,0.8623942028153209,202895
BJ,HX,0.8626240357834615,30345
HX,PN,0.8504897726432834,109004
CT,HX,0.8804286206896298,28679
HX,QH,0.7581689377275973,77588
DP,HX,0.8969241275675071,12614
GV,HX,0.8458243691734807,33439
BF,HX,0.8781317828565076,48671
HX,LB,0.8899878802090522,19397
HX,ND,0.8680979734246277,29631
HX,QL,0.8361819495225541,76874
DU,HX,0.8923920005213939,24752
BV,HX,0.8069160874895173,78302
DG,HX,0.8865994318924337,29631
HQ,HX,0.8800077707959038,43554
HX,ML,0.8595599345567737,36771
DT,HX,0.9058227170839677,44625
HX,TX,0.7001065018431059,48671
AP,HX,0.9008310131531276,288932
BT,HX,0.8770439196188861,22729
HX,QK,0.8006651905502743,22372
HD,HX,0.836762865328168,21776
DC,HX,0.884386959172496,65212
DK,HX,0.872671065766314,13446
HX,SK,0.8878017708904896,13804
HX,QE,0.8582677718923181,19397
HX,RC,0.8591748675815684,23086
DD,HX,0.8933474569239557,12138
HX,QB,0.8263461864509598,18326
GR,HX,0.8462808980234292,30107
HX,SB,0.8563310404943744,27965
BP,HX,0.8826082114392895,16422
GN,HX,0.8816785513160503,15113
HX,QP,0.4387716421511042,17255
HE,HX,0.8167881459678757,18683
HX,SF,0.8569445424477833,27132
DH,HX,0.8901137235146874,15827
HX,RA,0.8909685310257882,13804
HX,TS,0.8289101994158928,15232
HX,TT,0.6552040290675681,20944
HX,NK,0.8524526996886578,18802
PQ,PQ,0.8325004769461705,1008910
HV,PQ,0.8460355121301629,538559
NC,PQ,0.6456724996320556,267148
PQ,TL,0.7724253444109901,150626
PJ,PQ,0.8389395009007705,167678
BR,PQ,0.8326252945682354,321146
BL,PQ,0.8190058467906859,559874
AE,PQ,0.8328383096269653,198940
PG,PQ,0.8102923382696224,386512
AG,PQ,0.8122285498573036,360934
PQ,PT,0.8462405021178956,1112641
PQ,QC,0.6419902402798146,268569
DS,PQ,0.8406220429169816,1125432
DA,PQ,0.8210207219562646,2422805
BJ,PQ,0.821039688070839,362355
PN,PQ,0.8230854968504486,1301635
CT,PQ,0.8579567740887828,342457
PQ,QH,0.7004173127327056,926492
DP,PQ,0.8456500573620213,150625
GV,PQ,0.8011852113070881,399301
BF,PQ,0.8290867248270986,581189
LB,PQ,0.8376706583073964,231623
ND,PQ,0.8211297579749001,353829
PQ,QL,0.7838893911406744,917965
DU,PQ,0.8479780494818677,295568
BV,PQ,0.7687262702995565,935018
DG,PQ,0.8397371032555339,353829
HQ,PQ,0.8308242197229149,520086
ML,PQ,0.8259208247894269,439089
DT,PQ,0.8579502624582015,532874
PQ,TX,0.653156261660366,581189
AP,PQ,0.8695619908422567,3450188
BT,PQ,0.8304878461808766,271411
PQ,QK,0.7387719445438624,267148
HD,PQ,0.7822227710807033,260043
DC,PQ,0.8487929670546277,778705
DK,PQ,0.8309414036188153,160573
PQ,SK,0.8435770202073473,164836
PQ,QE,0.7831900721457289,231623
PQ,RC,0.8012294077118516,275674
DD,PQ,0.8556329373482456,144942
PQ,QB,0.7662397835776795,218834
GR,PQ,0.8302526275117325,359511
PQ,SB,0.793825539616911,333935
BP,PQ,0.8255692148179533,196098
GN,PQ,0.8168291744249474,180467
PQ,QP,0.40519333726642454,206045
HE,PQ,0.7597289345529716,223097
PQ,SF,0.8033014649088743,323988
DH,PQ,0.8521501047224815,188993
PQ,RA,0.8255651088993851,164836
PQ,TS,0.7643291092992485,181888
PQ,TT,0.6101207580824056,250096
NK,PQ,0.7864603222259727,224518
HV,HV,0.8930070970418326,71631
HV,NC,0.6817591141692944,71252
HV,TL,0.8265072482428077,40174
HV,PJ,0.8659910815202443,44722
BR,HV,0.8788383357078183,85654
BL,HV,0.8691688382850101,149326
AE,HV,0.9000636651740338,53060
HV,PG,0.8186749297359834,103088
AG,HV,0.8696585317735431,96266
HV,PT,0.8555701681905379,296757
HV,QC,0.6896151391694866,71631
DS,HV,0.8934847842341886,300167
DA,HV,0.8672135532065857,646195
BJ,HV,0.8566369351633625,96645
HV,PN,0.8550327150607951,347164
CT,HV,0.8927643386945453,91337
HV,QH,0.7519726473714565,247108
DP,HV,0.898003528669621,40174
GV,HV,0.8468154144063177,106496
BF,HV,0.8749129279190524,155011
HV,LB,0.8867209429398932,61777
HV,ND,0.8695986012144813,94371
HV,QL,0.8348709377540309,244834
DU,HV,0.8976735454657478,78830
BV,HV,0.8067651532659758,249382
DG,HV,0.8903163001410812,94371
HQ,HV,0.8756855978227361,138713
HV,ML,0.8652567532829383,117111
DT,HV,0.9093767992101645,142125
HV,TX,0.6971602986113365,155011
AP,HV,0.9059608586598863,920212
BT,HV,0.8728695641210461,72389
HV,QK,0.7953451911930169,71252
HD,HV,0.8347542406793577,69357
DC,HV,0.8910642211788242,207692
DK,HV,0.8769194541702298,42827
HV,SK,0.8905934128363764,43964
HV,QE,0.8485475461423616,61777
HV,RC,0.8557015154844683,73523
DD,HV,0.8988743728766112,38658
HV,QB,0.8201823869365362,58366
GR,HV,0.8592577510136601,95887
HV,SB,0.8501958035100468,89064
BP,HV,0.8757692500824626,52302
GN,HV,0.876309699099271,48133
HV,QP,0.4345221100841832,54955
HE,HV,0.816424945283768,59503
HV,SF,0.8550707247795155,86412
DH,HV,0.89902954568254,50407
HV,RA,0.8846191426773437,43963
HV,TS,0.8232582859263253,48512
HV,TT,0.6539352301382158,66704
HV,NK,0.8471463529950183,59882
NC,NC,0.6067169362123735,17578
NC,TL,0.6496559765672903,19928
NC,PJ,0.6627000024321553,22184
BR,NC,0.6732366195407102,42488
BL,NC,0.669501448308496,74072
AE,NC,0.7018605319766664,26320
NC,PG,0.6248193032815758,51136
AG,NC,0.6740753676173818,47752
NC,PT,0.6529017669786498,147204
NC,QC,0.5394048831907984,35532
DS,NC,0.688794762117853,148896
DA,NC,0.6701445907534019,320517
BJ,NC,0.6534982646788091,47940
NC,PN,0.6606197726733907,172207
CT,NC,0.6792000905022967,45308
NC,QH,0.5851393436233999,122576
DP,NC,0.7024748301310481,19928
GV,NC,0.6618831231384857,52828
BF,NC,0.6720480894482729,76892
LB,NC,0.6830000763518259,30644
NC,ND,0.6809469486354837,46812
NC,QL,0.6522058871802809,121447
DU,NC,0.6898849809868906,39104
BV,NC,0.6168006702045645,123704
DG,NC,0.6890975303198114,46809
HQ,NC,0.6684608047487072,68808
ML,NC,0.6699309594783301,58092
DT,NC,0.7005269199191122,70500
NC,TX,0.538732038762179,76892
AP,NC,0.6981192266512238,456464
BT,NC,0.6693768632110673,35908
NC,QK,0.6278934251401882,35344
HD,NC,0.6411680472317828,34404
DC,NC,0.6858958247590395,103023
DK,NC,0.6730407215392255,21244
NC,SK,0.6893597980885214,21808
NC,QE,0.6658402828620783,30644
NC,RC,0.6582034978025504,36472
DD,NC,0.6923165142165092,19176
NC,QB,0.6401216956720605,28952
GR,NC,0.6613196714855405,47563
NC,SB,0.6618826734548564,44180
BP,NC,0.6750219100148432,25944
GN,NC,0.6818779919125525,23876
NC,QP,0.3391159678798814,27260
HE,NC,0.6338371783690101,29516
NC,SF,0.664569378772527,42863
DH,NC,0.6898276014237871,25003
NC,RA,0.6817559130441918,21808
NC,TS,0.6482729205198929,24064
NC,TT,0.5226252462254652,33088
NC,NK,0.6737052432301464,29704
TL,TL,0.8042428859194235,5565
PJ,TL,0.7922008008340685,12508
BR,TL,0.8146996718923117,23956
BL,TL,0.8131641948268626,41764
AE,TL,0.854830238820455,14840
PG,TL,0.7429121456163934,28832
AG,TL,0.8156607743890012,26924
PT,TL,0.779027825669639,82998
QC,TL,0.6627559163094442,20034
DS,TL,0.8386153013532291,83952
DA,TL,0.8062059756133951,180730
BJ,TL,0.7871552002020352,27030
PN,TL,0.7904613431343842,97096
CT,TL,0.8152174273514066,25546
QH,TL,0.7121184289054686,69112
DP,TL,0.8460204574867727,11236
GV,TL,0.8038281909339834,29786
BF,TL,0.8154389991847877,43354
LB,TL,0.8287093074770632,17278
ND,TL,0.8112092523387957,26394
QL,TL,0.7912403888244433,68476
DU,TL,0.8405350937281905,22048
BV,TL,0.742996408451863,69748
DG,TL,0.8336383730478061,26394
HQ,TL,0.8102379124263023,38796
ML,TL,0.8030414609044474,32754
DT,TL,0.8531432475780639,39750
TL,TX,0.6517837886654475,43354
AP,TL,0.8383921712413324,257368
BT,TL,0.8089719145381251,20246
QK,TL,0.7605753569793426,19928
HD,TL,0.782356812739797,19398
DC,TL,0.8305950462465133,58087
DK,TL,0.8183385559566785,11978
SK,TL,0.8373804884627566,12296
QE,TL,0.8130468181702748,17278
RC,TL,0.8031598414156437,20564
DD,TL,0.8357055696955624,10812
QB,TL,0.7840491524718023,16324
GR,TL,0.7958085651737153,26818
SB,TL,0.8058834785224797,24910
BP,TL,0.8184322434831551,14628
GN,TL,0.8315276068803102,13462
QP,TL,0.4152627032974656,15370
HE,TL,0.7739817109219524,16642
SF,TL,0.8100419463013836,24168
DH,TL,0.8377489535580849,14098
RA,TL,0.8332577434407016,12296
TL,TS,0.792391097589983,13568
TL,TT,0.6297675509667573,18656
NK,TL,0.8062132468165553,16748
PJ,PJ,0.8805975574373807,6903
BR,PJ,0.8562766219722656,26668
BL,PJ,0.8451693325611513,46492
AE,PJ,0.8661336397435834,16520
PG,PJ,0.8223961899871686,32096
AG,PJ,0.8362036987591958,29972
PJ,PT,0.8575502648038903,92394
PJ,QC,0.6588439196159124,22302
DS,PJ,0.8670781048514862,93456
DA,PJ,0.845640100581984,201190
BJ,PJ,0.8342855074432801,30090
PJ,PN,0.8422580207485872,108088
CT,PJ,0.8780971029065472,28438
PJ,QH,0.7249330574429939,76936
DP,PJ,0.8731015221382898,12508
GV,PJ,0.821983878444449,33158
BF,PJ,0.84976819962894,48262
LB,PJ,0.8595244873700435,19234
ND,PJ,0.8453889965897681,29382
PJ,QL,0.8107374589990394,76228
DU,PJ,0.8724665701006985,24544
BV,PJ,0.7918711103833793,77644
DG,PJ,0.8659793572373238,29382
HQ,PJ,0.8488736431404666,43188
ML,PJ,0.8459599930409967,36462
DT,PJ,0.8837052127774743,44250
PJ,TX,0.6840492417556465,48262
AP,PJ,0.8874814532685082,286504
BT,PJ,0.8534240761634744,22538
PJ,QK,0.768117938934333,22184
HD,PJ,0.8025044954474947,21594
DC,PJ,0.8676803521833426,64664
DK,PJ,0.8531777847381602,13334
PJ,SK,0.8674882371595817,13688
PJ,QE,0.8126871369725858,19234
PJ,RC,0.8235016471409441,22892
DD,PJ,0.8769450451314058,12036
PJ,QB,0.7853189418273467,18172
GR,PJ,0.8557364925267683,29852
PJ,SB,0.8184880368879041,27730
BP,PJ,0.8564106522151798,16284
GN,PJ,0.8441543558033056,14986
PJ,QP,0.41680063584021,17110
HE,PJ,0.7815305476953535,18526
PJ,SF,0.8264914553453201,26904
DH,PJ,0.8721527623012983,15694
PJ,RA,0.8495850792338753,13688
PJ,TS,0.7894466521943578,15104
PJ,TT,0.62961735225011,20768
NK,PJ,0.8158402066599851,18644
BR,BR,0.8802705817939135,25425
BL,BR,0.8682279478534405,89041
AE,BR,0.8950376522221661,31640
BR,PG,0.8036377250549284,61472
AG,BR,0.8660164980282147,57404
BR,PT,0.8387772251463932,176958
BR,QC,0.6856400203586294,42713
BR,DS,0.8839852085833987,178992
BR,DA,0.8575115303571198,385329
BJ,BR,0.8517418925503716,57630
BR,PN,0.8448488180032879,207016
BR,CT,0.8791132795302904,54466
BR,QH,0.7471980867383031,147352
BR,DP,0.8903767475085573,23956
BR,GV,0.8352880455709726,63506
BF,BR,0.8686915608006492,92434
BR,LB,0.8790704622401794,36838
BR,ND,0.8644171883156792,56274
BR,QL,0.8256122487321041,145996
BR,DU,0.8836175985443695,47008
BR,BV,0.8041453149730634,148705
BR,DG,0.8829503294562445,56274
BR,HQ,0.8675374486964831,82715
BR,ML,0.8559078739055582,69834
BR,DT,0.8972703696110086,84750
BR,TX,0.6875098645820812,92434
AP,BR,0.8929173489801204,548728
BR,BT,0.8771034657462419,43166
BR,QK,0.7876095410247395,42488
BR,HD,0.8235545154639191,41358
BR,DC,0.8799010983651123,123848
BR,DK,0.864664343025617,25538
BR,SK,0.8771893103870427,26216
BR,QE,0.844525912952243,36838
BR,RC,0.8474960681812744,43844
BR,DD,0.8880766386136518,23052
BR,QB,0.8153782695091666,34804
BR,GR,0.8446513414667192,57178
BR,SB,0.8409328718458214,53110
BP,BR,0.8767111361068435,31188
BR,GN,0.8702630976803142,28702
BR,QP,0.43200249647306604,32770
BR,HE,0.8054804259626763,35482
BR,SF,0.8442114381936887,51528
BR,DH,0.8879282575068319,30058
BR,RA,0.8777983838474201,26216
BR,TS,0.815141698118083,28928
BR,TT,0.6440627335977721,39776
BR,NK,0.8409985452895322,35708
BL,BL,0.8635166639643296,77421
AE,BL,0.8940442765423562,55160
BL,PG,0.7887581204677453,107168
AG,BL,0.860420775517268,100076
BL,PT,0.8239326835334294,308502
BL,QC,0.6858671965344313,74466
BL,DS,0.8787881365451082,312048
BL,DA,0.8485857509969045,671768
BJ,BL,0.8403627031063604,100470
BL,PN,0.8351035520006461,360904
BL,CT,0.8651064943307956,94954
BL,QH,0.7466306858754252,256886
BL,DP,0.8863675813854158,41764
BL,GV,0.8314266386579195,110714
BF,BL,0.8622957565105176,161145
BL,LB,0.8721721528476826,64222
BL,ND,0.8572390578107779,98106
BL,QL,0.8240380796374962,254524
BL,DU,0.8770100428129914,81952
BL,BV,0.7917860020120477,259252
BL,DG,0.876341066900252,98106
BL,HQ,0.859961145422862,144204
BL,ML,0.84633979014647,121746
BL,DT,0.8913828316246379,147750
BL,TX,0.6832521849627126,161146
AP,BL,0.882827442275021,956632
BL,BT,0.8653466562280898,75252
BL,QK,0.7886139961321117,74072
BL,HD,0.817759304079156,72102
BL,DC,0.871521153530671,215912
BL,DK,0.8570706295174514,44522
BL,SK,0.8714827452542198,45704
BL,QE,0.8473620289800387,64222
BL,RC,0.8430710303998994,76436
BL,DD,0.8785392892507191,40188
BL,QB,0.8150060398896634,60676
BL,GR,0.8359787982740328,99679
BL,SB,0.8384698645859514,92590
BL,BP,0.8708102101827454,54371
BL,GN,0.8701904669353417,50037
BL,QP,0.43235898905519204,57130
BL,HE,0.801393757820757,61858
BL,SF,0.8406837941347151,89832
BL,DH,0.8780442927796244,52402
BL,RA,0.8740669430727905,45704
BL,TS,0.8152062153994057,50432
BL,TT,0.642717567371511,69344
BL,NK,0.8401979245707946,62252
AE,AE,0.9586860731799605,9730
AE,PG,0.7979953846040716,38080
AE,AG,0.9080203118092167,35560
AE,PT,0.8344445352734833,109620
AE,QC,0.7207640255954291,26460
AE,DS,0.9181760713678329,110880
AE,DA,0.8852075478432708,238700
AE,BJ,0.8520008311341609,35700
AE,PN,0.8579743338017538,128240
AE,CT,0.8949220674033943,33740
AE,QH,0.7865987133027306,91280
AE,DP,0.9333234501053116,14840
AE,GV,0.863185113294885,39340
AE,BF,0.8902181304919154,57260
AE,LB,0.9008436335296401,22820
AE,ND,0.9004018581489784,34860
AE,QL,0.8640189098611949,90440
AE,DU,0.9133620006255097,29120
AE,BV,0.8090486953127145,92120
AE,DG,0.9200211990802697,34860
AE,HQ,0.8836454629178428,51240
AE,ML,0.8808025355840767,43260
AE,DT,0.9293056363271881,52500
AE,TX,0.7114914827966825,57260
AE,AP,0.9090627067964906,339920
AE,BT,0.8825754772061594,26740
AE,QK,0.8332145318529203,26320
AE,HD,0.8535446959693813,25620
AE,DC,0.9103243903154353,76720
AE,DK,0.8926738907779121,15820
AE,SK,0.9024626897550582,16240
AE,QE,0.9011252091433817,22820
AE,RC,0.8791972808896433,27160
AE,DD,0.9151830398445242,14280
AE,QB,0.854186047357038,21560
AE,GR,0.8602060564137182,35420
AE,SB,0.8745159436184814,32900
AE,BP,0.9012327879494241,19320
AE,GN,0.9141671890861561,17780
AE,QP,0.45320335848905346,20300
AE,HE,0.8443090339725651,21980
AE,SF,0.8735861821231905,31920
AE,DH,0.9187603921962868,18620
AE,RA,0.9111841649073126,16240
AE,TS,0.8576099611249723,17920
AE,TT,0.6762730667117016,24640
AE,NK,0.8905167893275518,22120
PG,PG,0.8018081538517917,36856
AG,PG,0.7765189901258325,69088
PG,PT,0.8324745616724786,212976
PG,QC,0.6135736910637571,51408
DS,PG,0.8106306831560574,215424
DA,PG,0.7936361826087424,463760
BJ,PG,0.7962756796990301,69360
PG,PN,0.8021976904415195,249152
CT,PG,0.8343602702986072,65552
PG,QH,0.6733044780496794,177344
DP,PG,0.8132315368519392,28832
GV,PG,0.776316747574103,76432
BF,PG,0.7999874552696591,111248
LB,PG,0.8097959750110402,44336
ND,PG,0.7923014824900491,67728
PG,QL,0.7588086807273097,175712
DU,PG,0.82114427066527,56576
BV,PG,0.7468590846485362,178976
DG,PG,0.8089851242628501,67728
HQ,PG,0.8015665589157154,99552
ML,PG,0.8010407375882457,84048
DT,PG,0.8290371998983389,102000
PG,TX,0.63882488205353,111248
AP,PG,0.8456609123406478,660416
BT,PG,0.8035748133466973,51952
PG,QK,0.7143954805846439,51136
HD,PG,0.7535603009203243,49776
DC,PG,0.8165730322354006,149056
DK,PG,0.8048914992386585,30735
PG,SK,0.8205871157595447,31552
PG,QE,0.7478143248801691,44336
PG,RC,0.7705219825899743,52768
DD,PG,0.8283500665339549,27744
PG,QB,0.7327321546967421,41888
GR,PG,0.8129523379249585,68816
PG,SB,0.7672495316338852,63920
BP,PG,0.7950550186505472,37536
GN,PG,0.78410344053225,34544
PG,QP,0.3881495495337558,39440
HE,PG,0.7288089973958628,42704
PG,SF,0.7768714229465111,62016
DH,PG,0.819484271784264,36176
PG,RA,0.7928795371090664,31552
PG,TS,0.7347574434401589,34816
PG,TT,0.5907783001249538,47872
NK,PG,0.7558381163287555,42976
AG,AG,0.8940238190272863,32131
AG,PT,0.8110350072995949,198882
AG,QC,0.6906272613429062,48006
AG,DS,0.8786902995906969,201168
AG,DA,0.8530000932326657,433070
AG,BJ,0.8378664792630631,64770
AG,PN,0.8316829685281859,232663
AG,CT,0.8656854738097823,61213
AG,QH,0.7537408387338989,165608
AG,DP,0.8890216384754734,26924
AG,GV,0.8301043542877291,71374
AG,BF,0.8623045863084167,103886
AG,LB,0.8711794303605359,41402
AG,ND,0.8645818885432683,63246
AG,QL,0.8260167184717279,164084
AG,DU,0.8756348752430004,52832
AG,BV,0.7877592667123907,167132
AG,DG,0.8773833859639113,63246
AG,HQ,0.8600242396926903,92964
AG,ML,0.849313344058067,78486
AG,DT,0.8900005169537301,95250
AG,TX,0.6896780924074907,103886
AG,AP,0.8814077592455909,616712
AG,BT,0.8571007811308666,48514
AG,QK,0.7950461982017636,47752
AG,HD,0.8221770737589278,46482
AG,DC,0.8732713355332711,139192
AG,DK,0.8554210805892699,28702
AG,SK,0.8678607489107711,29464
AG,QE,0.8574371884089337,41402
AG,RC,0.849360920807682,49276
AG,DD,0.8801581068832681,25908
AG,QB,0.818677124705312,39116
AG,GR,0.8241061147746739,64262
AG,SB,0.8431586962399144,59690
AG,BP,0.8678217090398933,35052
AG,GN,0.8733583647655688,32258
AG,QP,0.43386477984236915,36830
AG,HE,0.8105869349067089,39878
AG,SF,0.8418601109389232,57912
AG,DH,0.877889628880684,33782
AG,RA,0.8795903453249341,29464
AG,TS,0.820931766306293,32512
AG,TT,0.6502488282346917,44704
AG,NK,0.8517242186966024,40132
PT,PT,0.8707260480693229,306153
PT,QC,0.6426473576658286,147987
DS,PT,0.8482655527342348,620136
DA,PT,0.8299673745084208,1335015
BJ,PT,0.8272270963716724,199665
PN,PT,0.836067082570317,717226
CT,PT,0.8715337516114556,188700
PT,QH,0.7025291001956241,510516
DP,PT,0.8517475390603898,82998
GV,PT,0.8115438214443087,220023
BF,PT,0.8351973590187233,320247
LB,PT,0.8447873160917224,127629
ND,PT,0.8267580243577125,194967
PT,QL,0.7920587129611207,505817
DU,PT,0.8591785092437467,162864
BV,PT,0.7780705686626378,515213
DG,PT,0.8476753501450423,194967
HQ,PT,0.8367934166199771,286578
ML,PT,0.8360901788288173,241947
DT,PT,0.8676733694029014,293625
PT,TX,0.6617476727689589,320247
AP,PT,0.8826124266140474,1901124
BT,PT,0.8374919279702217,149553
PT,QK,0.7443579065349764,147204
HD,PT,0.7878117400034768,143289
DC,PT,0.8561548014481883,429084
DK,PT,0.8412930672504815,88479
PT,SK,0.8563643678826259,90828
PT,QE,0.7824318929662936,127629
PT,RC,0.8048524652239084,151902
DD,PT,0.8666054753132278,79866
PT,QB,0.7680634405260162,120582
GR,PT,0.8502423622020322,198099
PT,SB,0.7998954867601094,184005
BP,PT,0.8300306258097307,108054
GN,PT,0.8203621376798321,99441
PT,QP,0.4061611800116223,113535
HE,PT,0.7638203616722544,122931
PT,SF,0.8115535997421465,178524
DH,PT,0.8616267553934932,104139
PT,RA,0.8282073995771934,90828
PT,TS,0.768362358910489,100224
PT,TT,0.616590535618765,137808
NK,PT,0.7890598389212721,123714
QC,QC,0.5607419082055829,17766
DS,QC,0.7012499000487921,149688
DA,QC,0.6732982719674246,322245
BJ,QC,0.6644263386535451,48195
PN,QC,0.6596902618917917,173124
CT,QC,0.6777520123091615,45549
QC,QH,0.6023715362275399,123228
DP,QC,0.7083344237663332,20034
GV,QC,0.6699319471249535,53109
BF,QC,0.687392542113682,77301
LB,QC,0.6963784690647508,30807
ND,QC,0.682330621925572,47061
QC,QL,0.6632328123337992,122094
DU,QC,0.69929772684456,39312
BV,QC,0.6232485810420255,124362
DG,QC,0.6970624042121079,47061
HQ,QC,0.6831021010719524,69174
ML,QC,0.6709707040154571,58401
DT,QC,0.7112678733003955,70875
QC,TX,0.5474282133007732,77301
AP,QC,0.6992342647640976,458892
BT,QC,0.682354185950511,36099
QC,QK,0.6403609068734779,35532
HD,QC,0.6551914519316752,34587
DC,QC,0.6921618653559053,103572
DK,QC,0.6814737053839394,21357
QC,SK,0.6972233744461354,21924
QC,QE,0.6897025549763495,30807
QC,RC,0.6775851582610486,36665
DD,QC,0.6967981996057085,19278
QB,QC,0.6626311694543682,29105
GR,QC,0.6573581712846192,47817
QC,SB,0.677970008504219,44415
BP,QC,0.6915175054275046,26082
GN,QC,0.700630061723885,24003
QC,QP,0.35127796959147445,27404
HE,QC,0.646468118772383,29673
QC,SF,0.6781134875226187,43092
DH,QC,0.6961507514682261,25137
QC,RA,0.7041108970343294,21924
QC,TS,0.6650146424830363,24192
QC,TT,0.5253341019761807,33264
NK,QC,0.6796725372036921,29861
DS,DS,0.9066044190664324,313236
DA,DS,0.8735271034099799,1350358
BJ,DS,0.8518478790657396,201960
DS,PN,0.8551369254892265,725472
CT,DS,0.8903827056469362,190870
DS,QH,0.7638538329539016,516384
DP,DS,0.9134449235332542,83952
DS,GV,0.8543438340495537,222552
BF,DS,0.8789949332402579,323928
DS,LB,0.8905224835184298,129096
DS,ND,0.8772249359400883,197208
DS,QL,0.8469976653895253,511630
DS,DU,0.9078475673752188,164735
BV,DS,0.8071110741224624,521135
DG,DS,0.9026285881040466,197207
DS,HQ,0.8760169848854495,289867
DS,ML,0.8679771942630375,244728
DS,DT,0.9211993754224348,296997
DS,TX,0.7004753273673768,323928
AP,DS,0.9066498012777015,1922976
BT,DS,0.8763916137489746,151272
DS,QK,0.8096373571640243,148896
DS,HD,0.8401824206556708,144935
DC,DS,0.8991875850058376,434014
DK,DS,0.8855137289538545,89493
DS,SK,0.8975603093658464,91871
DS,QE,0.8681512986857628,129096
DS,RC,0.8617419070053437,153648
DD,DS,0.9048466447097334,80784
DS,QB,0.8340195656164382,121968
DS,GR,0.8623834857777782,200374
DS,SB,0.85891642270036,186119
BP,DS,0.885346149421243,109295
DS,GN,0.8923212720069531,100581
DS,QP,0.44162980126769,114840
DS,HE,0.8263539388907251,124344
DS,SF,0.8622723486863132,180576
DH,DS,0.907883990517874,105336
DS,RA,0.8925376153954416,91872
DS,TS,0.8357508064108857,101376
DS,TT,0.6613360734978949,139392
DS,NK,0.861610371998938,125136
DA,DA,0.8507469414219087,1452660
BJ,DA,0.8279484089407138,434772
DA,PN,0.832099677662852,1561778
CT,DA,0.87129342723762,410898
DA,QH,0.7352119127363499,1111653
DA,DP,0.881838440314173,180730
DA,GV,0.8238932941052922,479103
BF,DA,0.851107928556324,697344
DA,LB,0.8606136752188045,277915
DA,ND,0.8520943807295032,424541
DA,QL,0.8155465271467278,1101430
DA,DU,0.877114405884117,354640
BV,DA,0.7838528194924919,1121886
DA,DG,0.8733969722795715,424544
DA,HQ,0.8485665091635406,624029
DA,ML,0.8443906845985611,526845
DA,DT,0.8889329900704737,639373
DA,TX,0.6783265485151584,697344
AP,DA,0.8817766208199314,4139734
BT,DA,0.8488669337815595,325655
DA,QK,0.7773969846220199,320540
DA,HD,0.8116986593076256,312015
DA,DC,0.87251991993895,934332
DA,DK,0.8562244836832005,192665
DA,SK,0.8666409001420337,197780
DA,QE,0.8323867317144551,277915
DA,RC,0.8322707385271393,330770
DA,DD,0.8787430239443021,173909
DA,QB,0.801406175253454,262570
DA,GR,0.8380719154094667,431362
DA,SB,0.826505981588373,400675
BP,DA,0.854645059848724,235290
DA,GN,0.8569545236611449,216535
DA,QP,0.42369010554737135,247225
DA,HE,0.798238192715174,267683
DA,SF,0.8307908006725031,388740
DA,DH,0.8816001061295992,226765
DA,RA,0.8607054668282211,197780
DA,TS,0.8023483204613551,218240
DA,TT,0.6364476722784459,300080
DA,NK,0.8305067973251965,269390
BJ,BJ,0.8583313056677778,32385
BJ,PN,0.83007923952608,233578
BJ,CT,0.8531856690659044,61455
BJ,QH,0.7246952891792262,166260
BJ,DP,0.8521159326651228,27030
BJ,GV,0.8190826771567805,71654
BF,BJ,0.8525536421202218,104294
BJ,LB,0.8652917855733329,41564
BJ,ND,0.8334464762931473,63495
BJ,QL,0.8018282496179134,164730
BJ,DU,0.8539726233578447,53040
BJ,BV,0.7887551166367884,167788
BJ,DG,0.8427440706712399,63495
BJ,HQ,0.8600007249773678,93328
BJ,ML,0.8312206111855241,78795
BJ,DT,0.8657855110375854,95625
BJ,TX,0.6875296293376416,104293
AP,BJ,0.8766892032250254,619140
BJ,BT,0.8544532800981671,48705
BJ,QK,0.7691740797713684,47940
BJ,HD,0.8025148696939127,46664
BJ,DC,0.8456690820943279,139740
BJ,DK,0.8343742256291505,28815
BJ,SK,0.8595668856513702,29580
BJ,QE,0.811897941587161,41565
BJ,RC,0.8297294345414076,49470
BJ,DD,0.8590743192552297,26010
BJ,QB,0.7874211024925507,39270
BJ,GR,0.8181109398828179,64515
BJ,SB,0.8299051739398431,59925
BJ,BP,0.8500220195230918,35190
BJ,GN,0.8391869462729263,32385
BJ,QP,0.419929096254513,36973
BJ,HE,0.7765448663473986,40035
BJ,SF,0.83110197508297,58140
BJ,DH,0.8458942273309346,33915
BJ,RA,0.8601728352266774,29580
BJ,TS,0.7950961998073828,32640
BJ,TT,0.6342225332816795,44879
BJ,NK,0.8141043581623034,40290
PN,PN,0.8304447622667428,419070
CT,PN,0.859735590269603,220754
PN,QH,0.7204019193042698,597232
DP,PN,0.8608144135253476,97096
GV,PN,0.8165780506911697,257395
BF,PN,0.842188285553731,374644
LB,PN,0.8533631413582844,149307
ND,PN,0.8365268798147572,228084
PN,QL,0.8028708720759337,591736
DU,PN,0.8601341112440459,190528
BV,PN,0.7789064789419363,602728
DG,PN,0.8523055652878391,228084
HQ,PN,0.8421957337065874,335255
ML,PN,0.8352488153902138,283043
DT,PN,0.8710167844951726,343499
PN,TX,0.6730740863481818,374643
AP,PN,0.8762903650527271,2224044
BT,PN,0.8429923035162556,174956
PN,QK,0.7639638601984248,172208
HD,PN,0.7972914230055326,167628
DC,PN,0.8539435969582915,501968
DK,PN,0.8404080816966187,103508
PN,SK,0.8587060954647094,106256
PN,QE,0.8093639611298593,149308
PN,RC,0.8187639452784216,177703
DD,PN,0.863852723973101,93432
PN,QB,0.7850151842333917,141064
GR,PN,0.8330569857384259,231743
PN,SB,0.8168458351072038,215260
BP,PN,0.8424982419303894,126408
GN,PN,0.8379883401599668,116332
PN,QP,0.41628755899850406,132820
HE,PN,0.7772262937452201,143812
PN,SF,0.8217764197811536,208848
DH,PN,0.8578570908522186,121828
PN,RA,0.8460623505945454,106256
PN,TS,0.7882053293131186,117248
PN,TT,0.6287087853143497,161216
NK,PN,0.8113033027271217,144728
CT,CT,0.9088434774221051,28920
CT,QH,0.7438833934547228,157131
CT,DP,0.8970940934910401,25546
CT,GV,0.8377243385916229,67721
BF,CT,0.8713126107155263,98569
CT,LB,0.8798758763172982,39283
CT,ND,0.874128119769161,60009
CT,QL,0.8279926894658435,155686
CT,DU,0.8973875690682181,50127
BV,CT,0.8070010560799619,158578
CT,DG,0.8931054362661376,60006
CT,HQ,0.8714614806669599,88204
CT,ML,0.8718091936786261,74468
CT,DT,0.9073912092147408,90374
CT,TX,0.6922228315314641,98569
AP,CT,0.9100453084426573,585148
BT,CT,0.870593614901593,46031
CT,QK,0.7830517911935679,45308
CT,HD,0.8278788885440792,44099
CT,DC,0.8960758272621834,132065
CT,DK,0.8782684272742461,27233
CT,SK,0.8855834408687188,27956
CT,QE,0.8347976650778688,39283
CT,RC,0.8472651520801505,46753
CT,DD,0.9037702321594027,24582
CT,QB,0.8086912294257547,37112
CT,GR,0.8680550779784452,60973
CT,SB,0.8364747925910548,56635
BP,CT,0.8706423693413274,33258
CT,GN,0.8660818770176244,30607
CT,QP,0.42675684529761343,34945
CT,HE,0.8080108683112713,37837
CT,SF,0.8432693700691033,54948
CT,DH,0.9056460624178628,32053
CT,RA,0.872680798991143,27956
CT,TS,0.8077654208493813,30848
CT,TT,0.6419178298147603,42416
CT,NK,0.8383997017985486,38078
QH,QH,0.6675142484833657,212226
DP,QH,0.7717831304042333,69112
GV,QH,0.7239918643533862,183212
BF,QH,0.7480937793691542,266668
LB,QH,0.7570830565727148,106276
ND,QH,0.7457957860137906,162348
QH,QL,0.7292166416202314,421155
DU,QH,0.763053404721458,135616
BV,QH,0.6816626367761612,429016
DG,QH,0.7594324819743179,162348
HQ,QH,0.7459234349752365,238632
ML,QH,0.7324288642925416,201468
DT,QH,0.7746263538637882,244499
QH,TX,0.604397257896191,266668
AP,QH,0.7630735752190364,1583056
BT,QH,0.7421819784365113,124532
QH,QK,0.7045876767027242,122574
HD,QH,0.7133812379297535,119316
DC,QH,0.7530114489777797,357296
DK,QH,0.7424368955240531,73676
QH,SK,0.7600525314441458,75632
QE,QH,0.7536304384536797,106270
QH,RC,0.7376811309441179,126488
DD,QH,0.7600285019196391,66504
QB,QH,0.7137781313221031,100408
GR,QH,0.7172939165266092,164956
QH,SB,0.7407068503274097,153220
BP,QH,0.7535135469482332,89976
GN,QH,0.7632027404109949,82804
QH,QP,0.3799067199101688,94491
HE,QH,0.7013892622196368,102364
QH,SF,0.7359818350635916,148656
DH,QH,0.7556789250872539,86716
QH,RA,0.7649831383640316,75632
QH,TS,0.7183154798842322,83456
QH,TT,0.5694424625755782,114752
NK,QH,0.7419175697899416,103016
DP,DP,0.9307300351392792,5565
DP,GV,0.859771853737951,29786
BF,DP,0.8843533996381122,43354
DP,LB,0.8950238523739663,17278
DP,ND,0.8900379610313977,26394
DP,QL,0.8546461031304271,68476
DP,DU,0.9129171157262546,22048
BV,DP,0.8092555203617473,69748
DG,DP,0.9146814962205948,26393
DP,HQ,0.8794699655821784,38796
DP,ML,0.8765762835439815,32754
DP,DT,0.9276573967847859,39747
DP,TX,0.70281801385687,43354
AP,DP,0.9119633232059211,257368
BT,DP,0.8804695264759113,20246
DP,QK,0.8169718366069014,19928
DP,HD,0.8451246125618976,19398
DC,DP,0.9104372097613307,58088
DK,DP,0.8917483553391398,11978
DP,SK,0.9014287459547237,12295
DP,QE,0.879882374824712,17278
DP,RC,0.867221685413081,20564
DD,DP,0.9131722143072337,10812
DP,QB,0.8425344743257385,16324
DP,GR,0.8688930449393575,26818
DP,SB,0.8626570132300032,24910
BP,DP,0.8933078049392719,14628
DP,GN,0.9012833251149062,13462
DP,QP,0.44606552380547837,15370
DP,HE,0.8332459953124757,16642
DP,SF,0.8663362685748914,24168
DH,DP,0.919797208537621,14098
DP,RA,0.8982587285792748,12296
DP,TS,0.8426822657339991,13568
DP,TT,0.6658363613869973,18656
DP,NK,0.8734039123695216,16748
GV,GV,0.827911070228087,39340
BF,GV,0.8369717662751494,114928
GV,LB,0.8517167825145213,45802
GV,ND,0.8283604972178645,69969
GV,QL,0.8076816424655467,181525
DU,GV,0.8572773088392359,58447
BV,GV,0.7673204101854111,184897
DG,GV,0.8477715506719634,69969
GV,HQ,0.8345039230038628,102844
GV,ML,0.8239999752845238,86829
DT,GV,0.8696500608648274,105375
GV,TX,0.6758381928484094,114929
AP,GV,0.8639702984383901,682268
BT,GV,0.8329116487579372,53671
GV,QK,0.7754887773181118,52828
GV,HD,0.7972342880119153,51423
DC,GV,0.8463642052700092,153987
DK,GV,0.8347331087793868,31753
GV,SK,0.8605148422010864,32592
GV,QE,0.8208647236046239,45803
GV,RC,0.8201289346858457,54514
DD,GV,0.8547212856718716,28662
GV,QB,0.7938161279347281,43274
GR,GV,0.8211416264844389,71093
GV,SB,0.8254164695500084,66035
BP,GV,0.8380969011084103,38778
GN,GV,0.8449084030173799,35687
GV,QP,0.4219821727481324,40745
GV,HE,0.7833649570247232,44117
GV,SF,0.8310507564676124,64068
DH,GV,0.8508445499867499,37373
GV,RA,0.8507885542972672,32596
GV,TS,0.8042173803390228,35968
GV,TT,0.6448784541897208,49454
GV,NK,0.8189180339202821,44398
BF,BF,0.8692953817521974,83436
BF,LB,0.8787635563408265,66665
BF,ND,0.8584193117951098,101841
BF,QL,0.826705787717981,264214
BF,DU,0.8798410539562995,85072
BF,BV,0.7967498173704826,269122
BF,DG,0.8741845056182749,101841
BF,HQ,0.868892497114297,149693
BF,ML,0.8509311930239155,126381
BF,DT,0.8928095948554914,153375
BF,TX,0.6926224496545417,167281
AP,BF,0.8908160950008537,993052
BF,BT,0.8666709402168205,78119
BF,QK,0.7920842397044567,76892
BF,HD,0.8221356059898522,74847
BF,DC,0.8728345717276598,224131
BF,DK,0.8594564214891823,46217
BF,SK,0.8775738257534783,47444
BF,QE,0.8458749144546966,66667
BF,RC,0.8491840668863898,79343
BF,DD,0.8818325840469387,41718
BF,QB,0.8156608630615654,62986
BF,GR,0.8394497395111586,103476
BF,SB,0.8453616721399154,96115
BF,BP,0.870454998335473,56440
BF,GN,0.8690987236314968,51941
BF,QP,0.4334655624597965,59303
BF,HE,0.8028003638632889,64213
BF,SF,0.8471387055672576,93252
BF,DH,0.8765209939961919,54397
BF,RA,0.8793587767449712,47443
BF,TS,0.8185953321309647,52352
BF,TT,0.6484950348819933,71984
BF,NK,0.8415860797367029,64622
LB,LB,0.8979153481247661,13203
LB,ND,0.8685385120573275,40587
LB,QL,0.8382825702278615,105298
DU,LB,0.8910141704752607,33904
BV,LB,0.8084076138983156,107254
DG,LB,0.8839699002949748,40587
HQ,LB,0.8809935219170781,59656
LB,ML,0.8619670709102004,50367
DT,LB,0.90426681751083,61125
LB,TX,0.7044951635565739,66667
AP,LB,0.9023179409803802,395764
BT,LB,0.8771166233071773,31133
LB,QK,0.804143801273949,30644
HD,LB,0.8347797798140099,29829
DC,LB,0.8821608519863506,89324
DK,LB,0.8702824240718922,18419
LB,SK,0.891328203312473,18908
LB,QE,0.8556802274430282,26569
LB,RC,0.8596293518362156,31622
DD,LB,0.8923637193392708,16626
LB,QB,0.8258377514226342,25102
GR,LB,0.8506671464807433,41238
LB,SB,0.8599808862646309,38305
BP,LB,0.8809470273218108,22494
GN,LB,0.880459652802443,20701
LB,QP,0.4395102290650909,23635
HE,LB,0.8144794798732803,25591
LB,SF,0.8620323075230082,37164
DH,LB,0.8861354091920951,21679
LB,RA,0.8914936644558775,18908
LB,TS,0.8325328284896835,20864
LB,TT,0.6623046672121493,28688
LB,NK,0.8528374067738258,25754
ND,ND,0.8733346293678138,30876
ND,QL,0.8236793431537891,160854
DU,ND,0.8762216416466961,51792
BV,ND,0.786619139913537,163842
DG,ND,0.8807816624994408,62001
HQ,ND,0.8544417557721072,91134
ML,ND,0.8546432060495378,76941
DT,ND,0.8898705191990999,93375
ND,TX,0.6829221660472777,101841
AP,ND,0.8841324445014672,604572
BT,ND,0.8566451012827885,47559
ND,QK,0.7882227703377709,46812
HD,ND,0.8164174645739639,45567
DC,ND,0.8751063279562303,136452
DK,ND,0.8574381373227181,28137
ND,SK,0.8688846770191122,28884
ND,QE,0.845558883734575,40587
ND,RC,0.8404058368807825,48306
DD,ND,0.8827105463239545,25398
ND,QB,0.8109972468412885,38346
GR,ND,0.8368561835681371,62997
ND,SB,0.8348074526875149,58515
BP,ND,0.8641957612815682,34362
GN,ND,0.8665450582198235,31623
ND,QP,0.42947529906219406,36105
HE,ND,0.8010034284424562,39093
ND,SF,0.836221433485251,56772
DH,ND,0.8828519232483902,33117
ND,RA,0.8691443236279698,28884
ND,TS,0.8125091610555379,31872
ND,TT,0.6437977594120552,43824
ND,NK,0.8460757503954208,39341
QL,QL,0.809940234041361,208335
DU,QL,0.8493218863285189,134368
BV,QL,0.7556603500693366,425068
DG,QL,0.8415602582531027,160854
HQ,QL,0.8238554583418126,236436
ML,QL,0.8134725921360202,199614
DT,QL,0.861159289989833,242250
QL,TX,0.6702379844086742,264214
AP,QL,0.8500475288419947,1568488
BT,QL,0.8208031184831455,123386
QK,QL,0.7791140874006688,121447
HD,QL,0.7884373132114052,118218
DC,QL,0.8364016943825803,354008
DK,QL,0.8256512858209297,72998
QL,SK,0.8486858060141482,74934
QE,QL,0.8252465536912449,105298
QL,RC,0.8131574944397063,125323
DD,QL,0.8445016178079668,65892
QB,QL,0.7866628535118724,99484
GR,QL,0.8070234376513057,163438
QL,SB,0.819342520673969,151807
BP,QL,0.8302497253550538,89148
GN,QL,0.8421373124098902,82042
QL,QP,0.41869722986697566,93670
HE,QL,0.7744713631292844,101422
QL,SF,0.8187502562602206,147287
DH,QL,0.840016726201682,85918
QL,RA,0.8425607404915343,74936
QL,TS,0.7945209210548162,82688
QL,TT,0.6332333269362542,113695
NK,QL,0.8172087213622017,102068
DU,DU,0.9177759864039133,21528
BV,DU,0.810139926018872,136862
DG,DU,0.9031782047461204,51792
DU,HQ,0.8766490000920804,76128
DU,ML,0.8706663379926576,64272
DT,DU,0.92652683494441,77999
DU,TX,0.705421594937606,85072
AP,DU,0.9129275030811873,505024
BT,DU,0.8761599981828585,39728
DU,QK,0.8103465338755075,39104
DU,HD,0.8416398788116237,38064
DC,DU,0.9018209433342729,113984
DK,DU,0.8894894268329265,23504
DU,SK,0.9045314536943593,24128
DU,QE,0.8648462410410672,33904
DU,RC,0.8614793000089392,40352
DD,DU,0.9081347480696804,21216
DU,QB,0.8326054366236699,32032
DU,GR,0.8700446925221886,52624
DU,SB,0.8606377283817158,48880
BP,DU,0.8822377478844114,28704
DU,GN,0.890859757456297,26414
DU,QP,0.4400884255059691,30160
DU,HE,0.8278613957767773,32656
DU,SF,0.8643888173631845,47424
DH,DU,0.9105242819243478,27664
DU,RA,0.891388333310291,24128
DU,TS,0.8345658951230946,26624
DU,TT,0.6627782568579546,36608
DU,NK,0.8589870300712945,32864
BV,BV,0.7635819569805977,216153
BV,DG,0.801019303204532,163842
BV,HQ,0.7991817887378654,240825
BV,ML,0.7837167543948179,203319
BV,DT,0.8207393339851093,246750
BV,TX,0.6388865606576498,269122
AP,BV,0.8229017355243594,1597624
BT,BV,0.8056441881351893,125677
BV,QK,0.7218584699904299,123704
BV,HD,0.7545601916716924,120414
BV,DC,0.801262521381792,360584
BV,DK,0.7910701658496442,74354
BV,SK,0.8074539434973893,76328
BV,QE,0.7662894693714519,107254
BV,RC,0.7756006357126083,127652
BV,DD,0.8116452536194214,67116
BV,QB,0.7409228636907167,101332
BV,GR,0.7765737904805646,166474
BV,SB,0.7742354548588212,154630
BP,BV,0.8018059955769831,90804
BV,GN,0.7915656362485758,83566
BV,QP,0.3934239867761504,95410
BV,HE,0.7349390934347743,103306
BV,SF,0.7758823856267955,150024
BV,DH,0.8049481425761321,87514
BV,RA,0.8029944859587139,76328
BV,TS,0.7451156420096076,84224
BV,TT,0.6003401475807719,115808
BV,NK,0.766529955107033,103964
DG,DG,0.9081955920515516,30876
DG,HQ,0.868739133892142,91133
DG,ML,0.8688853817882786,76941
DG,DT,0.9171838796155781,93374
DG,TX,0.6905277641862001,101841
AP,DG,0.9030263843932653,604572
BT,DG,0.8720459715237037,47559
DG,QK,0.8011804011943849,46812
DG,HD,0.8350218325954497,45567
DC,DG,0.9012165921929763,136450
DG,DK,0.8830854597729526,28137
DG,SK,0.8900368634772103,28884
DG,QE,0.8639358380583217,40587
DG,RC,0.8558677296489907,48306
DD,DG,0.9050309984592504,25398
DG,QB,0.8301965925263657,38346
DG,GR,0.8623198052509619,62997
DG,SB,0.8477903387810822,58515
BP,DG,0.8822022822217925,34362
DG,GN,0.8879687326024596,31623
DG,QP,0.43864015492173225,36105
DG,HE,0.8225845263682724,39093
DG,SF,0.8535022339688244,56772
DG,DH,0.9128671881208472,33117
DG,RA,0.8856296397642958,28884
DG,TS,0.8278844356960186,31872
DG,TT,0.6534203332229979,43824
DG,NK,0.8579762741823203,39342
HQ,HQ,0.8786998517205808,66795
HQ,ML,0.8485484917991234,113094
DT,HQ,0.8891689589540662,137250
HQ,TX,0.696897409309872,149693
AP,HQ,0.891338747635591,888648
BT,HQ,0.865880475868824,69906
HQ,QK,0.7899692455910315,68808
HD,HQ,0.8236944504562255,66976
DC,HQ,0.8696146207533111,200567
DK,HQ,0.8572201188025496,41358
HQ,SK,0.8755542426885404,42456
HQ,QE,0.8407189277214956,59658
HQ,RC,0.8495990559094506,71004
DD,HQ,0.8797172084408088,37332
HQ,QB,0.810377006481972,56364
GR,HQ,0.8361889049580651,92598
HQ,SB,0.8466765559018139,86010
BP,HQ,0.868253311504112,50508
GN,HQ,0.8658178412815525,46482
HQ,QP,0.4316732775226423,53070
HE,HQ,0.8000403286277445,57462
HQ,SF,0.8474107631835123,83448
DH,HQ,0.8711080708608866,48678
HQ,RA,0.8800486616559883,42455
HQ,TS,0.8162479625486739,46848
HQ,TT,0.6481623341357156,64416
HQ,NK,0.8386832308427679,57828
ML,ML,0.855580953747598,47586
DT,ML,0.8826098726133504,115875
ML,TX,0.6761033166897505,126381
AP,ML,0.8824297981275785,750252
BT,ML,0.8499056893662752,59019
ML,QK,0.7750970047155916,58092
HD,ML,0.8084897838027776,56547
DC,ML,0.8682380336021724,169332
DK,ML,0.8522611986201838,34917
ML,SK,0.8649402838415681,35844
ML,QE,0.8261412424588537,50367
ML,RC,0.8304630024303312,59946
DD,ML,0.877394975585907,31518
ML,QB,0.7985111485633294,47586
GR,ML,0.8380491732029843,78177
ML,SB,0.8251854157316141,72615
BP,ML,0.8528542172489476,42642
GN,ML,0.8523046261586711,39243
ML,QP,0.42259001239498456,44805
HE,ML,0.7906772821418211,48513
ML,SF,0.829344640715166,70452
DH,ML,0.8747586193397578,41097
ML,RA,0.8574101096090181,35844
ML,TS,0.8006094679619954,39552
ML,TT,0.6361549221509617,54384
ML,NK,0.8278622646957289,48821
DT,DT,0.9402114116754818,70125
DT,TX,0.7121659460364208,153375
AP,DT,0.9239509707120527,910500
BT,DT,0.8898215740845857,71625
DT,QK,0.821975861657338,70500
DT,HD,0.8534942315603338,68625
DC,DT,0.9151540249605012,205500
DK,DT,0.9015155935097332,42375
DT,SK,0.9156361475372393,43499
DT,QE,0.8794002495863878,61125
DT,RC,0.8745887838902692,72750
DD,DT,0.9208492797791304,38250
DT,QB,0.8465094694318475,57750
DT,GR,0.8801401816185284,94875
DT,SB,0.8723624417373814,88125
BP,DT,0.8972841360942078,51750
DT,GN,0.9054362043710976,47624
DT,QP,0.4477945285171837,54375
DT,HE,0.8397239643046536,58875
DT,SF,0.87699319769637,85500
DH,DT,0.9239880294422194,49875
DT,RA,0.9054206591024994,43500
DT,TS,0.8481289058418253,48000
DT,TT,0.6721047017658832,66000
DT,NK,0.8729364089262123,59250
TX,TX,0.6833457960899987,83436
AP,TX,0.7129485727163786,993051
BT,TX,0.6848795396057222,78119
QK,TX,0.6560161836923781,76892
HD,TX,0.660464971053213,74847
DC,TX,0.6873787505534759,224132
DK,TX,0.6833016841781504,46217
SK,TX,0.71254726706858,47444
QE,TX,0.6796282605753047,66667
RC,TX,0.6864286466899346,79346
DD,TX,0.7008466372981967,41718
QB,TX,0.6441800331990267,62986
GR,TX,0.6679127433258423,103477
SB,TX,0.6978200779080913,96115
BP,TX,0.6910118253115375,56442
GN,TX,0.6942572206933786,51943
QP,TX,0.34707908021222195,59305
HE,TX,0.6412905573715806,64213
SF,TX,0.6926718766516986,93252
DH,TX,0.6865363992775209,54397
RA,TX,0.7114836037335064,47444
TS,TX,0.6678005544513081,52352
TT,TX,0.5432617626528843,71983
NK,TX,0.6866831693334177,64621
AP,AP,0.9275201266193263,2946378
AP,BT,0.8893277399923333,463748
AP,QK,0.8088988240020158,456464
AP,HD,0.845563955360611,444324
AP,DC,0.9053850060767331,1330544
AP,DK,0.8911261424821707,274364
AP,SK,0.9090285323463138,281648
AP,QE,0.858595413154659,395764
AP,RC,0.867519234442994,471032
AP,DD,0.9150736611455593,247656
AP,QB,0.8321913066437178,373912
AP,GR,0.8798126192741244,614284
AP,SB,0.8653048171653864,570580
AP,BP,0.8898687348004625,335064
AP,GN,0.8879847147186987,308356
AP,QP,0.4408400855317329,352060
AP,HE,0.8256772086965334,381196
AP,SF,0.8703429756440909,553584
AP,DH,0.9106213866903521,322924
AP,RA,0.8965545178062225,281648
AP,TS,0.8351938066884158,310784
AP,TT,0.6659019089749161,427328
AP,NK,0.8593546669814419,383624
BT,BT,0.8833881181663978,18145
BT,QK,0.7833224821980891,35908
BT,HD,0.8174736481070244,34953
BT,DC,0.8698282915767708,104668
BT,DK,0.8569261792673966,21583
BT,SK,0.8743155045972767,22156
BT,QE,0.8370298695538804,31133
BT,RC,0.8430722638093695,37054
BT,DD,0.879712755484673,19482
BT,QB,0.8110967297729129,29414
BT,GR,0.8403444136879659,48323
BT,SB,0.839239325918227,44885
BP,BT,0.8751385494248564,26358
BT,GN,0.863737548603276,24257
BT,QP,0.43040507044300935,27695
BT,HE,0.7971763504176584,29987
BT,SF,0.8419774503915937,43548
BT,DH,0.8749028062754236,25403
BT,RA,0.8739729228600803,22156
BT,TS,0.8117350181198971,24448
BT,TT,0.641280546173314,33616
BT,NK,0.8336287472579464,30178
QK,QK,0.7778082814529108,17578
HD,QK,0.7564781951388091,34404
DC,QK,0.7938359263158299,103024
DK,QK,0.7861236413853594,21244
QK,SK,0.8124786646366507,21808
QE,QK,0.800937395828934,30643
QK,RC,0.7840778289583101,36472
DD,QK,0.8038758676388646,19176
QB,QK,0.7563414399703396,28952
GR,QK,0.7620647264097681,47563
QK,SB,0.8050148552483127,44175
BP,QK,0.7947340630134788,25944
GN,QK,0.8109920274920028,23876
QK,QP,0.4040805324917871,27260
HE,QK,0.7430871523202929,29516
QK,SF,0.7894861883842768,42863
DH,QK,0.7950152171891878,25004
QK,RA,0.8133611248058374,21808
QK,TS,0.7718742291479919,24064
QK,TT,0.617889541197537,33088
NK,QK,0.7942273646010798,29704
HD,HD,0.7891731536937799,16653
DC,HD,0.8326954629363612,100284
DK,HD,0.821432085977115,20679
HD,SK,0.8361410132142281,21228
HD,QE,0.8090465928675882,29829
HD,RC,0.8079578705753696,35502
DD,HD,0.8404877225900038,18666
HD,QB,0.7775108696335681,28182
GR,HD,0.7970482601750778,46299
HD,SB,0.8068312034690502,43002
BP,HD,0.8245661793814394,25254
GN,HD,0.8300393272295695,23241
HD,QP,0.4126355253159808,26535
HD,HE,0.772673846987498,28731
HD,SF,0.8077258597922633,41724
DH,HD,0.8391104218192653,24339
HD,RA,0.8371553719092065,21227
HD,TS,0.7836679905386033,23424
HD,TT,0.621751593779506,32208
HD,NK,0.8047909618085503,28914
DC,DC,0.9055305996250619,149878
DC,DK,0.8828054454720224,61924
DC,SK,0.8885953238897752,63568
DC,QE,0.8542029832469876,89324
DC,RC,0.8527293338099152,106312
DC,DD,0.9059696001614058,55896
DC,QB,0.8249493863678774,84392
DC,GR,0.8640280655608351,138644
DC,SB,0.8436544930099967,128780
BP,DC,0.8769583020268014,75624
DC,GN,0.8807708076979973,69596
DC,QP,0.43550235305713253,79460
DC,HE,0.8196281367830618,86036
DC,SF,0.85103483599213,124944
DC,DH,0.9129388630389055,72883
DC,RA,0.8813387866882649,63568
DC,TS,0.822081288883719,70144
DC,TT,0.6502218292383161,96448
DC,NK,0.8501211344034092,86584
DK,DK,0.8720713319715507,6328
DK,SK,0.8786454528352908,13108
DK,QE,0.841002411126828,18419
DK,RC,0.8405457114164405,21922
DD,DK,0.8891440679523684,11526
DK,QB,0.8114577794962964,17402
DK,GR,0.8492323417156386,28589
DK,SB,0.8357571595715155,26555
BP,DK,0.8628047112547148,15594
DK,GN,0.8676506331645759,14351
DK,QP,0.42914035830156166,16385
DK,HE,0.8062208220134081,17741
DK,SF,0.8409236110985723,25764
DH,DK,0.8913111958573299,15029
DK,RA,0.8689954839256585,13108
DK,TS,0.8121149584169891,14464
DK,TT,0.6436550469017839,19888
DK,NK,0.8372116205029205,17854
SK,SK,0.9085449409110045,6670
QE,SK,0.8582691498579534,18908
RC,SK,0.8594916162249281,22504
DD,SK,0.8986536827956411,11832
QB,SK,0.8277368138350315,17864
GR,SK,0.865081585497988,29348
SB,SK,0.8653207650612824,27260
BP,SK,0.8775946705969371,16008
GN,SK,0.8844805725929059,14732
QP,SK,0.4397143142265164,16820
HE,SK,0.8190957922973533,18212
SF,SK,0.8696433594486596,26447
DH,SK,0.8937376914159133,15428
RA,SK,0.8902357324259272,13456
SK,TS,0.8366878411698493,14848
SK,TT,0.6688861385985878,20416
NK,SK,0.8554993327885632,18328
QE,QE,0.8716973226002854,13203
QE,RC,0.8369204062570496,31622
DD,QE,0.8592242915410735,16626
QB,QE,0.8167662613991099,25101
GR,QE,0.8068259496494476,41239
QE,SB,0.8391392113086313,38305
BP,QE,0.8553976619565903,22494
GN,QE,0.8721256160068672,20701
QE,QP,0.43367696643245457,23634
HE,QE,0.7997779246948578,25591
QE,SF,0.8337609842946114,37164
DH,QE,0.8580561910471634,21679
QE,RA,0.869374426713157,18908
QE,TS,0.8206427845277195,20863
QE,TT,0.6474758406935593,28688
NK,QE,0.8473652043347336,25754
RC,RC,0.8402276969765173,18721
DD,RC,0.8615993776657727,19788
QB,RC,0.8021653984497832,29876
GR,RC,0.8140609207554302,49082
RC,SB,0.8345290786648916,45590
BP,RC,0.8503091335182832,26772
GN,RC,0.8554753034387129,24638
QP,RC,0.42798930748778735,28130
HE,RC,0.7908202163653171,30458
RC,SF,0.8349179173937723,44232
DH,RC,0.8571684808663121,25802
RA,RC,0.8693172178782462,22504
RC,TS,0.8090775040784172,24832
RC,TT,0.6412460488743406,34144
NK,RC,0.8312682368870529,30652
DD,DD,0.9164318371182147,5151
DD,QB,0.8297070359435305,15708
DD,GR,0.8704807223955662,25806
DD,SB,0.8553685600009469,23970
BP,DD,0.8846432652714946,14076
DD,GN,0.8865442599137416,12954
DD,QP,0.43870900398745527,14790
DD,HE,0.8241802541403355,16013
DD,SF,0.8609468019794979,23256
DD,DH,0.9149200122017026,13566
DD,RA,0.8900973046977514,11832
DD,TS,0.8302519312554372,13056
DD,TT,0.6590921539636998,17952
DD,NK,0.8581375062881003,16116
QB,QB,0.7915241655615497,11781
GR,QB,0.7843338095765245,38962
QB,SB,0.8013822460486848,36190
BP,QB,0.8213973618560109,21252
GN,QB,0.8311953846449591,19558
QB,QP,0.41526661479012644,22330
HE,QB,0.767364580187822,24178
QB,SF,0.8023104742651989,35112
DH,QB,0.830231020325837,20482
QB,RA,0.833027126984048,17864
QB,TS,0.7845762688417995,19712
QB,TT,0.6188136706199906,27104
NK,QB,0.8038466720100054,24332
GR,GR,0.8551100396867505,31878
GR,SB,0.8116469089565718,59455
BP,GR,0.8407782746092564,34914
GN,GR,0.8412190407508009,32125
GR,QP,0.41515784273530193,36685
GR,HE,0.7794654592602187,39721
GR,SF,0.8224618155495335,57684
DH,GR,0.8718683126067821,33649
GR,RA,0.8404741490841695,29348
GR,TS,0.7861035543728179,32384
GR,TT,0.6269421158601158,44528
GR,NK,0.8074506036340553,39974
SB,SB,0.8563769511271608,27495
BP,SB,0.845970873315758,32430
GN,SB,0.8557002479015683,29845
QP,SB,0.42759190851274986,34075
HE,SB,0.7895940729910624,36895
SB,SF,0.8416100708145025,53579
DH,SB,0.8453140697871566,31255
RA,SB,0.8663014097023439,27260
SB,TS,0.8166059160296064,30080
SB,TT,0.6528761346389873,41360
NK,SB,0.8352836613824302,37130
BP,BP,0.8853090780764624,9453
BP,GN,0.8764720398290539,17526
BP,QP,0.4361446306575937,20010
BP,HE,0.8077496457339336,21666
BP,SF,0.847707379498699,31464
BP,DH,0.8825740467341702,18354
BP,RA,0.8822216508647871,16008
BP,TS,0.8219310176249114,17664
BP,TT,0.6487406256278866,24288
BP,NK,0.8472407834774147,21804
GN,GN,0.8907865137938166,8001
GN,QP,0.44143943155887183,18415
GN,HE,0.8169166265425366,19939
GN,SF,0.8554116137487774,28956
DH,GN,0.8865383856328362,16891
GN,RA,0.8874769055909201,14732
GN,TS,0.8353148211236843,16256
GN,TT,0.6601558485665627,22352
GN,NK,0.8606715625413448,20065
QP,QP,0.22058939791184903,10440
HE,QP,0.4058707229865341,22765
QP,SF,0.4281219143126364,33059
DH,QP,0.4373143270207142,19285
QP,RA,0.4445370399622678,16817
QP,TS,0.4180922770051344,18560
QP,TT,0.3300155565017122,25520
NK,QP,0.42750351339957887,22910
HE,HE,0.7716779461926654,12246
HE,SF,0.7918192110203441,35796
DH,HE,0.828165913804646,20881
HE,RA,0.820413414527744,18212
HE,TS,0.7712300498143587,20096
HE,TT,0.6122631079211874,27632
HE,NK,0.7919755580668545,24806
SF,SF,0.8495949419593398,25878
DH,SF,0.8552881486829281,30324
RA,SF,0.8662343727206584,26448
SF,TS,0.815653487310687,29184
SF,TT,0.6518084871591469,40128
NK,SF,0.8305621126208427,36024
DH,DH,0.9354239948198693,8778
DH,RA,0.8858672116028238,15428
DH,TS,0.8257360578795343,17024
DH,TT,0.6512919359731042,23408
DH,NK,0.8539350426248048,21014
RA,RA,0.9018351866521761,6670
RA,TS,0.8408481800460957,14848
RA,TT,0.6657366903513476,20416
NK,RA,0.8619421585677134,18328
TS,TS,0.8020054147685256,8128
TS,TT,0.6402029284271671,22528
NK,TS,0.8164696258282981,20222
TT,TT,0.5609266991969907,15400
NK,TT,0.651940555123611,27805
NK,NK,0.8493867439775519,12403
